{"cameraMode":{"drawMode":0,"name":"Shaded","section":"Shading Mode"},"sceneLighting":false,"audioPlay":false,"sceneViewState":{"m_AlwaysRefresh":false,"showFog":true,"showSkybox":false,"showFlares":true,"showImageEffects":true,"showParticleSystems":true,"showVisualEffectGraphs":true,"m_FxEnabled":true},"in2DMode":false,"pivot":{"x":-0.19102215766906739,"y":2.5987191200256349,"z":-0.32516807317733767},"rotation":{"x":-0.03558406978845596,"y":-0.9644404649734497,"z":0.18628932535648347,"w":-0.18418876826763154},"size":4.598598480224609,"orthographic":false}