{"cameraMode":{"drawMode":0,"name":"Shaded","section":"Shading Mode"},"sceneLighting":false,"audioPlay":false,"sceneViewState":{"m_AlwaysRefresh":false,"showFog":true,"showSkybox":false,"showFlares":true,"showImageEffects":true,"showParticleSystems":true,"showVisualEffectGraphs":true,"m_FxEnabled":true},"in2DMode":false,"pivot":{"x":0.22288179397583009,"y":2.5726919174194338,"z":0.30913758277893069},"rotation":{"x":-0.03558406978845596,"y":-0.9644404649734497,"z":0.18628932535648347,"w":-0.18418876826763154},"size":3.540104866027832,"orthographic":false}